[
  { "id": "1",  "name": "Downtown",            "city": "New York",        "postalCode": "10001", "createdAt": "2024-01-10T09:15:00.000Z", "updatedBy": "admin" },
  { "id": "2",  "name": "Midtown",             "city": "New York",        "postalCode": "10018", "createdAt": "2024-01-12T10:20:00.000Z", "updatedBy": "system" },
  { "id": "3",  "name": "Harlem",              "city": "New York",        "postalCode": "10027", "createdAt": "2024-01-15T11:45:00.000Z", "updatedBy": "editor" },
  { "id": "4",  "name": "Chelsea",             "city": "New York",        "postalCode": "10011", "createdAt": "2024-01-18T08:30:00.000Z", "updatedBy": "admin" },
  { "id": "5",  "name": "SoHo",                "city": "New York",        "postalCode": "10012", "createdAt": "2024-01-20T14:10:00.000Z", "updatedBy": "system" },

  { "id": "6",  "name": "Hollywood",           "city": "Los Angeles",     "postalCode": "90028", "createdAt": "2024-01-25T09:50:00.000Z", "updatedBy": "admin" },
  { "id": "7",  "name": "Beverly Hills",       "city": "Los Angeles",     "postalCode": "90210", "createdAt": "2024-02-01T13:25:00.000Z", "updatedBy": "system" },
  { "id": "8",  "name": "Santa Monica",        "city": "Los Angeles",     "postalCode": "90401", "createdAt": "2024-02-05T12:10:00.000Z", "updatedBy": "admin" },
  { "id": "9",  "name": "Venice",              "city": "Los Angeles",     "postalCode": "90291", "createdAt": "2024-02-10T15:40:00.000Z", "updatedBy": "editor" },
  { "id": "10", "name": "Downtown LA",         "city": "Los Angeles",     "postalCode": "90014", "createdAt": "2024-02-15T09:05:00.000Z", "updatedBy": "system" },

  { "id": "11", "name": "Lincoln Park",        "city": "Chicago",         "postalCode": "60614", "createdAt": "2024-02-20T10:45:00.000Z", "updatedBy": "admin" },
  { "id": "12", "name": "Hyde Park",           "city": "Chicago",         "postalCode": "60637", "createdAt": "2024-02-25T11:30:00.000Z", "updatedBy": "system" },
  { "id": "13", "name": "Wicker Park",         "city": "Chicago",         "postalCode": "60622", "createdAt": "2024-03-01T14:00:00.000Z", "updatedBy": "editor" },
  { "id": "14", "name": "River North",         "city": "Chicago",         "postalCode": "60654", "createdAt": "2024-03-05T08:55:00.000Z", "updatedBy": "admin" },
  { "id": "15", "name": "Chinatown",           "city": "Chicago",         "postalCode": "60616", "createdAt": "2024-03-10T09:30:00.000Z", "updatedBy": "system" },

  { "id": "16", "name": "Montrose",            "city": "Houston",         "postalCode": "77006", "createdAt": "2024-03-15T16:20:00.000Z", "updatedBy": "admin" },
  { "id": "17", "name": "The Heights",         "city": "Houston",         "postalCode": "77008", "createdAt": "2024-03-20T12:50:00.000Z", "updatedBy": "system" },
  { "id": "18", "name": "River Oaks",          "city": "Houston",         "postalCode": "77019", "createdAt": "2024-03-25T14:35:00.000Z", "updatedBy": "editor" },
  { "id": "19", "name": "Midtown",             "city": "Houston",         "postalCode": "77002", "createdAt": "2024-03-30T11:10:00.000Z", "updatedBy": "admin" },
  { "id": "20", "name": "Museum District",     "city": "Houston",         "postalCode": "77004", "createdAt": "2024-04-01T10:00:00.000Z", "updatedBy": "system" },

  { "id": "21", "name": "Camelback East",      "city": "Phoenix",         "postalCode": "85018", "createdAt": "2024-04-05T09:25:00.000Z", "updatedBy": "admin" },
  { "id": "22", "name": "Deer Valley",         "city": "Phoenix",         "postalCode": "85027", "createdAt": "2024-04-10T13:15:00.000Z", "updatedBy": "system" },
  { "id": "23", "name": "Paradise Valley",     "city": "Phoenix",         "postalCode": "85253", "createdAt": "2024-04-15T08:35:00.000Z", "updatedBy": "editor" },
  { "id": "24", "name": "North Mountain",      "city": "Phoenix",         "postalCode": "85021", "createdAt": "2024-04-20T15:00:00.000Z", "updatedBy": "admin" },
  { "id": "25", "name": "Ahwatukee",           "city": "Phoenix",         "postalCode": "85044", "createdAt": "2024-04-25T11:45:00.000Z", "updatedBy": "system" },

  { "id": "26", "name": "Ballard",             "city": "Seattle",         "postalCode": "98107", "createdAt": "2024-04-30T13:20:00.000Z", "updatedBy": "admin" },
  { "id": "27", "name": "Capitol Hill",        "city": "Seattle",         "postalCode": "98102", "createdAt": "2024-05-02T09:30:00.000Z", "updatedBy": "system" },
  { "id": "28", "name": "Fremont",             "city": "Seattle",         "postalCode": "98103", "createdAt": "2024-05-05T14:10:00.000Z", "updatedBy": "editor" },
  { "id": "29", "name": "Queen Anne",          "city": "Seattle",         "postalCode": "98109", "createdAt": "2024-05-08T10:25:00.000Z", "updatedBy": "admin" },
  { "id": "30", "name": "South Lake Union",    "city": "Seattle",         "postalCode": "98109", "createdAt": "2024-05-10T08:40:00.000Z", "updatedBy": "system" }
]
