[
  { "id": "1",  "name": "New York",        "countryCode": "US", "state_provinc": "New York",        "createdAt": "2024-01-10T09:15:00.000Z", "updatedBy": "admin" },
  { "id": "2",  "name": "Los Angeles",     "countryCode": "US", "state_provinc": "California",      "createdAt": "2024-01-12T10:20:00.000Z", "updatedBy": "system" },
  { "id": "3",  "name": "Chicago",         "countryCode": "US", "state_provinc": "Illinois",        "createdAt": "2024-01-15T11:45:00.000Z", "updatedBy": "admin" },
  { "id": "4",  "name": "Houston",         "countryCode": "US", "state_provinc": "Texas",           "createdAt": "2024-01-18T08:30:00.000Z", "updatedBy": "editor" },
  { "id": "5",  "name": "Phoenix",         "countryCode": "US", "state_provinc": "Arizona",         "createdAt": "2024-01-20T14:10:00.000Z", "updatedBy": "system" },
  { "id": "6",  "name": "Philadelphia",    "countryCode": "US", "state_provinc": "Pennsylvania",    "createdAt": "2024-01-25T09:50:00.000Z", "updatedBy": "admin" },
  { "id": "7",  "name": "San Antonio",     "countryCode": "US", "state_provinc": "Texas",           "createdAt": "2024-02-01T13:25:00.000Z", "updatedBy": "system" },
  { "id": "8",  "name": "San Diego",       "countryCode": "US", "state_provinc": "California",      "createdAt": "2024-02-05T12:10:00.000Z", "updatedBy": "admin" },
  { "id": "9",  "name": "Dallas",          "countryCode": "US", "state_provinc": "Texas",           "createdAt": "2024-02-10T15:40:00.000Z", "updatedBy": "editor" },
  { "id": "10", "name": "San Jose",        "countryCode": "US", "state_provinc": "California",      "createdAt": "2024-02-15T09:05:00.000Z", "updatedBy": "system" },

  { "id": "11", "name": "Austin",          "countryCode": "US", "state_provinc": "Texas",           "createdAt": "2024-02-20T10:45:00.000Z", "updatedBy": "admin" },
  { "id": "12", "name": "Jacksonville",    "countryCode": "US", "state_provinc": "Florida",         "createdAt": "2024-02-25T11:30:00.000Z", "updatedBy": "system" },
  { "id": "13", "name": "Fort Worth",      "countryCode": "US", "state_provinc": "Texas",           "createdAt": "2024-03-01T14:00:00.000Z", "updatedBy": "editor" },
  { "id": "14", "name": "Columbus",        "countryCode": "US", "state_provinc": "Ohio",            "createdAt": "2024-03-05T08:55:00.000Z", "updatedBy": "admin" },
  { "id": "15", "name": "Charlotte",       "countryCode": "US", "state_provinc": "North Carolina",  "createdAt": "2024-03-10T09:30:00.000Z", "updatedBy": "system" },
  { "id": "16", "name": "San Francisco",   "countryCode": "US", "state_provinc": "California",      "createdAt": "2024-03-15T16:20:00.000Z", "updatedBy": "admin" },
  { "id": "17", "name": "Indianapolis",    "countryCode": "US", "state_provinc": "Indiana",         "createdAt": "2024-03-20T12:50:00.000Z", "updatedBy": "system" },
  { "id": "18", "name": "Seattle",         "countryCode": "US", "state_provinc": "Washington",      "createdAt": "2024-03-25T14:35:00.000Z", "updatedBy": "editor" },
  { "id": "19", "name": "Denver",          "countryCode": "US", "state_provinc": "Colorado",        "createdAt": "2024-03-30T11:10:00.000Z", "updatedBy": "admin" },
  { "id": "20", "name": "Washington",      "countryCode": "US", "state_provinc": "District of Columbia", "createdAt": "2024-04-01T10:00:00.000Z", "updatedBy": "system" },

  { "id": "21", "name": "Boston",          "countryCode": "US", "state_provinc": "Massachusetts",   "createdAt": "2024-04-05T09:25:00.000Z", "updatedBy": "admin" },
  { "id": "22", "name": "El Paso",         "countryCode": "US", "state_provinc": "Texas",           "createdAt": "2024-04-10T13:15:00.000Z", "updatedBy": "system" },
  { "id": "23", "name": "Nashville",       "countryCode": "US", "state_provinc": "Tennessee",       "createdAt": "2024-04-15T08:35:00.000Z", "updatedBy": "editor" },
  { "id": "24", "name": "Detroit",         "countryCode": "US", "state_provinc": "Michigan",        "createdAt": "2024-04-20T15:00:00.000Z", "updatedBy": "admin" },
  { "id": "25", "name": "Oklahoma City",   "countryCode": "US", "state_provinc": "Oklahoma",        "createdAt": "2024-04-25T11:45:00.000Z", "updatedBy": "system" },
  { "id": "26", "name": "Portland",        "countryCode": "US", "state_provinc": "Oregon",          "createdAt": "2024-04-30T13:20:00.000Z", "updatedBy": "admin" },
  { "id": "27", "name": "Las Vegas",       "countryCode": "US", "state_provinc": "Nevada",          "createdAt": "2024-05-02T09:30:00.000Z", "updatedBy": "system" },
  { "id": "28", "name": "Memphis",         "countryCode": "US", "state_provinc": "Tennessee",       "createdAt": "2024-05-05T14:10:00.000Z", "updatedBy": "editor" },
  { "id": "29", "name": "Louisville",      "countryCode": "US", "state_provinc": "Kentucky",        "createdAt": "2024-05-08T10:25:00.000Z", "updatedBy": "admin" },
  { "id": "30", "name": "Baltimore",       "countryCode": "US", "state_provinc": "Maryland",        "createdAt": "2024-05-10T08:40:00.000Z", "updatedBy": "system" }
]
